Year,Target ($B),Mean Forecast ($B),Std Dev ($B),P(Meet Target)
2025,11.755,7.91489537049775,0.4127514052002464,0.0
2026,13.86,10.650133200744987,0.6504906899687272,0.0
2027,15.355,12.829876465393793,0.7554587519087503,0.000301
2028,16.256,12.900488245236449,0.7898278162098226,4e-06
2029,20.7,15.9640532643796,0.8405533124451157,0.0
