Year,Target ($B),Mean Forecast ($B),Std Dev ($B),P(Meet Target)
2025,11.755,12.003434349171023,0.6475061109268265,0.645133
2026,13.86,13.702082592475703,0.8203242228823943,0.423612
2027,15.355,14.377797604441788,0.8249198751612651,0.117754
2028,16.256,14.792623591355776,0.8836598508412921,0.048363
2029,20.7,17.422761619710087,0.9024381304047248,9.4e-05
